{
    "empStr": {
        "empId": 10001,
        "empName": "Anubhav",
        "salary": 5000,
        "currency": "EUR",
        "smoker": false
    },
    "empTab": [
        {
            "empId": 10010,
            "empName": "Ananya",
            "salary": 15000,
            "currency": "EUR",
            "smoker": false,
            "mStatus": "S",
            "rating": 3,
            "gender":"https://cdn.icon-icons.com/icons2/2643/PNG/512/avatar_female_woman_person_people_white_tone_icon_159360.png"
        },{
            "empId": 10020,
            "empName": "Riyaz",
            "salary": 98000,
            "currency": "AED",
            "smoker": true,
            "mStatus": "S",
            "rating": 4,
            "gender":"https://www.pngitem.com/pimgs/m/22-220721_circled-user-male-type-user-colorful-icon-png.png"
        },
        {
            "empId": 10030,
            "empName": "Veronica",
            "salary": 75000,
            "currency": "INR",
            "smoker": true,
            "mStatus": "M",
            "rating": 2,
            "gender":"https://cdn.icon-icons.com/icons2/2643/PNG/512/avatar_female_woman_person_people_white_tone_icon_159360.png"
        },
        {
            "empId": 10040,
            "empName": "Thanthida",
            "salary": 90000,
            "currency": "USD",
            "smoker": false,
            "mStatus": "S",
            "rating": 5,
            "gender":"https://cdn.icon-icons.com/icons2/2643/PNG/512/avatar_female_woman_person_people_white_tone_icon_159360.png"
        },
        {
            "empId": 10050,
            "empName": "Nong Yui",
            "salary": 70000,
            "currency": "CNY",
            "smoker": false,
            "mStatus": "M",
            "rating": 4,
            "gender":"https://www.pngitem.com/pimgs/m/22-220721_circled-user-male-type-user-colorful-icon-png.png"
        },
        {
            "empId": 10060,
            "empName": "Mathias",
            "salary": 85000,
            "currency": "EUR",
            "smoker": true,
            "mStatus": "M",
            "rating": 5,
            "gender":"https://www.pngitem.com/pimgs/m/22-220721_circled-user-male-type-user-colorful-icon-png.png"
        }

    ]
}