<core:FragmentDefinition xmlns:core="sap.ui.core" xmlns="sap.m">
    <Table id="suppTab" items="{/suppliers}" itemPress="onSupplierItem">
        <headerToolbar>
            <Toolbar>
                <ToolbarSpacer />
                <Button icon="sap-icon://filter" text="filter" press="onFilterSupplier"></Button>
            </Toolbar>
        </headerToolbar>
        <columns>
            <Column>
                <header><Text text="Name"></Text></header>
            </Column>
            <Column>
                <header><Text text="City"></Text></header>
            </Column>
            <Column minScreenWidth="Tablet">
                <header><Text text="Since When"></Text></header>
            </Column>
            <Column minScreenWidth="Tablet" demandPopin="true">
                <header><Text text="Contact"></Text></header>
            </Column>
        </columns>
        <items>
            <ColumnListItem type="Navigation">
                <cells>
                    <Text text="{name}"></Text>
                    <Input value="{city}" showValueHelp="true" valueHelpRequest="onF4Help"></Input>
                    <Text text="{sinceWhen}"></Text>
                    <Text text="{contactPerson}"></Text>
                </cells>
            </ColumnListItem>
        </items>
    </Table>
</core:FragmentDefinition>